"['sORF_M342071', 'ATGGCAGCTGACGGTGACTTCAAGATCAAATGTGTGGCCTTTGACTGA']",Coding,0.8327423976444949
"['sORF_M243385', 'ATGAACTTCCTGCACAGCATTAAGCCGCCTCTGCTCCACCTGGACCTCAAGCCGGGCAACATACTCCTGGACAGCAACATGCATGTCAAAGTGAAGAAACTGAGGCTCTGA']",Coding,0.8388470802379844
"['sORF_M151025', 'ATGCCAGGGCCCCCAGCACACGGGTTCCAGTCACCAATGGGAATCAAGCAGGAGCCTCGGGATTACTGCGTCGATTCAGAAGTGCCTAACTGCCAGTCATCCTACATGAGAGGGGGTTATTTCTCCAGCAGCCATGAAGGTTGCTCGGCGCTGGGGCATCCAGAAGAACCGGCCAGCCATGAACTATGA']",Coding,0.7864212311978934
"['sORF_M58510', 'ATGGAACCCCAGAAGCTGCTGATAATTGGATTTCTGCTATGCTCTCTAACTTGCCTCTTGTTGGAGACAGTAGCTTCCTCTCCTTTGCCTTTGTCTGCCTTGGGAATACAAGAAAAAACAGGATCGAAACCACGCTCAGGGGGTAATCACAGGTCCTGGCTGAACAACTTCAGGGATTACTTATGGCAACTTATCAAGAGTGCCTTACCTCCAGCAGCCATTGTTGCTTTTCTTCTCACCTCAGCACTAATGGGGATCCTCTGCTGCTTCACCATTCTTGTAGTTGATCCAGTCCACTGA']",Coding,0.7327864101887644
"['sORF_M69678', 'ATGCTTATGGCTGTTCTGAACTGTCTCTTCGACTCATTGAGCCAGATGCTGAGGAAAAATGTAGAAAAGCGAGCACTGCTGGAGAACATGGAGGGGCTGTTCTTGGCTGTGGATGAAATTGTAGATGGAGGGGTGATCCTAGAGAGTGATCCCCAGCAGGTGGTACACCGGGTGGCATTAAGGGGTGAAGATGTCCCCCTTACGGAGCAGACCGTGTCTCAGGTGCTGCAGTCAGCCAAAGAACAGATCAAGTGGTCACTCCTTCGGTGA']",Coding,0.8370094909980061
"['sORF_M189994', 'ATGATCCGCACCCCCAGCATGAGGCAGGAGGAGCGCTACCTGGATCAGCCATAG']",Coding,0.8078151635790644
"['sORF_M23403', 'ATGTCAGGCAAGAAGGACCTGTACCTGGCCAGCGTGTTCCACGCCACCGCCTTTGAGTTGGACACAGATGGCAACCCCTTTGACCAGGACATCTACGGGCGCGAGGAGCTGCGCAGCCCCAAGCTGTTCTACGCCGACCACCCCTTCATCTTCCTAGTGCGGGACACCCAAAGCGGCTCCCTGCTATTCATTGGGCGCCTGGTCCGGCCTAAGGGTGACAAGATGCGAGACGAGTTATAG']",Coding,0.9026556576674216
"['sORF_M239472', 'ATGGCAGCATCTTCCCTGACGGTCACCTTAGGGCGGCTGGCGTCCGCGTGCAGCCACAGCATCCTGAGACCTTCGGGGCCCGGAGCAGCCTCCCTTTGGTCTGCTTCTCGAAGGTTCAATTCACAGAGCACTTCATATCTACCAGGGTAA']",Non-coding,0.33283156123291213
"['sORF_M195082', 'ATGATGCTTCTTGAAAATTGCTTAGTTGAAAAATGGAGAGATCAGCTTAGTAAAAGATCCATACAGTGGGAAGAGAGGCTGCAGGAACAGCGGAGAACAGTTCAGGACAAGAAGAAAACAGCCGGGCGCACCAGTCGTAGTAATCCCCCCAAACCAAAGGGAAAGCCTCCTGCTCCCAAACCAGCCAGTCCCAAGAAGAACATTAAAACTAGGAGTGCCCAGAAGAGAACAAACCCGAAAAGAGTGTGA']",Coding,0.8033232823308835
"['sORF_M349710', 'ATGTTGCTGGCCAGCCTCAACAGCTGCACCAACCCCTGGATCTATGCATCTTTCAGCAGCAGCGTGTCCTCAGAGCTGCGAAGCTTGCTCTGCTGTGCCCGGGGACGCACCCCACCCAGCCTGGGTCCCCAAGATGAGTCCTGCACCACCGCCAGCTCCTCCCTGGCCAAGGACACTTCATCGTGA']",Coding,0.8344792157477032
"['sORF_M323564', 'ATGCCTACTGGAGACTTTGATTCGAAGCCCAGTTGGGCCGACCAGGTGGAGGAGGAGGGGGAGGACGGCGTCATCCCAAAAGCCCTTCCATCGCAGCTGGGGAGCTCCTGCCCCTGGAGCTGA']",Coding,0.7644905373830893
"['sORF_M149614', 'ATGTGCTGTTTCCCGGAAGGAGAAGCAGCGTGTGCATCTGTTGGAAGAATGCTGGAACGAGTTATAGGAAGATGTAGTCCAACCCACATCAGCAGATCATGGAGTGCATCGGATCCTTTCTATACCAACGACAGGAGCATCTTGACTCTCTCCACAATGGACTCATCTACTTGTTAA']",Non-coding,0.4676660538785373
"['sORF_M71647', 'ATGACAATGCATCGGGCGGTGTCTCCCACAGAGCCTACTCCGAGGTGA']",Non-coding,0.2829832024193665
"['sORF_M195002', 'ATGCAAAAACTCAATCAAGTTCTTGTTGATATTCGCCTCTGGCAACCTGATGCTTGCTACAAACCTATTGGAAAGCCTTAA']",Coding,0.6431544721152938
"['sORF_M139352', 'ATGCCTGAACTACATAACTTCCTACGTATCCTGCAGCGGGAGGAGGAGGAGCACCTCCGCCAGATCCTGCAGAAGTACTCCTATTGCCGCCAGAAGATCCAAGAGGCCCTGCACGCCTGCCCCCTTGGGTGA']",Coding,0.8716874228352847
"['sORF_M8978', 'ATGATCAAGGGGAAAACTCCTGAGGAGATTCGCAAGACCTTCAATATCAAAAATGACTTTACTGAAGAGGAGGAAGCCCAGGTACGCAAAGAGAACCAGTGGTGTGAAGAGAAGTGA']",Coding,0.8357023127418612
"['sORF_M49902', 'ATGAAAGGCGGGGCCTCTACCACCTCCACCACCCCCACGCCCACCCCCTCCAGCACCAGCACCAGCAGGCCCGTGCCCACCGCTCAGCTCAGCCCCACGGAGATCAGCGCCGTGCGGCAGCTCATCGCGGGCTACCGGGAGTCTGCTGCCTTCCTGCTGCGCTCTGCAGATGAACTGGAAAACCTCATCCTACAGCAGAACTGA']",Coding,0.824945835045271
"['sORF_M312885', 'ATGGCGGCCGTGGAACTAGAGTGGATCCCAGAGACTCTCTATAACACCGCCATCTCCGCTGTCGTGGACAACTACATCCGCTCCCGCCGAGACATCCGCTCCTTGCCCGAGAACATCCAGTTTGATGTTTACTACAAGCTTTACCAACAGGGACGCTTATGTCAACTGGGCAGTGAATTTTGTGAATTGGAAGTTTTTGCTAAAGTACTGAGAGCTTTGGATAAAAGGTTATCTTTCACCAAGTCCAAATCCTTTGACATTTGCTTCATCATTGTTTTCAGGCTTTGA']",Coding,0.8609021906378925
"['sORF_M56046', 'ATGTTCGGTGCATGTTATAAACAACCACTTAAACCCTCCGGATCTGAGCCTCCCGCAGAGGAATGCAGAATGACGCCACGGCACGCAGGATGTGATGTCACCGAGATGCAGAGGATACTCAGTCAACCAACATTTACTGAGCATCTACTTCGTGCCGTCTTGTCAACGGAAAGGGGTCCCTATCCAGACCCCAAGAGAGCATTCTTGGATCTCTTGCAAGAAAGAATTTGA']",Coding,0.807224917997498
"['sORF_M199502', 'ATGGAGAAATACGCTGACCGGGAGGATATGATCATCATGTTTGTGGATAGCTACGACGTGATTCTGGCCGGCAGCCCCACAGAGCTGCTGAAGAAGTTCGTCCAGAGTGGCAGCCGCCTGCTCTTCTCTGCAGAGAGCTTCTGCTGGCCCGAGTGGGGGCTGGCGGAGCAGTACCCTGAGGATTCATCGGTTTTGCCACCACCATCCACCAAATCGTGCGCCAGTGGAAGTACAAGGATGATGACGACGACCAGCTGTTCTACACACGGCTCTACCTGGACCCAGGACTGA']",Coding,0.8245228035469591
"['sORF_M157348', 'ATGGGACCACCACCACCTTGGCAAGGAATGCCCCCTTACCCAGGAATGGAACAACCTCCACACCATCCTTACTATCAGCACCATGCTCCACCTCCTCAAGCTCATCCCCCTTACTCAGGACATCATCCAGTACCACATGAAGCAAGATACAGAGATAAACGAGTAGTAAGTGCACAAGGAGGCAAAGGTGTGAGGGAACTACTTAGAATTCTGTAG']",Coding,0.529941986976158
"['sORF_M297595', 'ATGCAGCTGAATGACAAGTGGCAGGGCTTGTGCTGGCCCATGATGGACTTCCTGCGCTGTGTCACCGCGGCCCTCATCTACTTTGCTATCTCCATCACGGCCATCGCCAAGTACTCGGATGGGGCTTCCAAAGCCGCTGGGGGGTCTGTGCCTGACACTCGGGCTGTTTGTCCAAGCAGATCTGAAATGGGCCGTGAGGCTGGGGCAGCAGCCTCCCGGAGCAGGGAGTCAGCCCTGTGA']",Coding,0.8421370983419438
"['sORF_M57151', 'ATGAGGATTGCTGTCCTCCTCTTCGCCATTTTCTTCTTTATGAGCCAAGTTCTACCAGCCAGGGGCAAATTCAAGGAGATCTGTGAACGTCCAAATGGCTCCTGTCGGGACTTTTGCCTTGAAACAGAAATCCATGTTGGGAGATGTTTAAATAGCCAACCCTGCTGCCTGCCTCTGGGGCATCAACCAAGAATTGAGAGCACTACACCCAAAAAGGACTGA']",Coding,0.8026412793792125
"['sORF_M554619', 'ATGATGAGAAGAATTTATGGAGTATGCCCCATGATGTGTCCCACACAGAGGCAGACGACGACAGAACCCTGTACAATTTGA']",Non-coding,0.17853388270422021
"['sORF_M231245', 'ATGTACTACACGGAGATGGACCCCGAGCGCCACCGCAGCATCCTGGCGGCCATCGGGGCCTACCCGCTGAGCCGCAAGCACGGCACGGAGACGCCGGCGGCCTGGGGGGACGGCTACCGCGCAGCCAAGGAGGAGCGCAAGGGGCCCACCCAGGCTGGGGCGGCGGCGGCGGCCACCGAACCCCCCGGGAAGCCGTCGGCCAAGGCGGAGAAGGAGGCGGCGCGGAAGGCGGCCGGGAGCGCGGCGCCCCCGCCCGCGCAGTGA']",Coding,0.8364881602095223
"['sORF_M152863', 'ATGCTCCGGAGCCGCCACATCACTTTTGCCGGGAAGTTTGAGCCTGTGCAGCACTGGTGCCGTGCCCCGAGGCCAGACGGCCGGCTCTGTGAGCGCCAAGACCGGCTGAAGACTTTCCACAGCTGCCCAAGACCTTCCGGCTCCAGAGGAGGGACGGAGCCATCCCCACGTCCCTGTGGCTCTCAGGACGCCCTCCTCTGA']",Coding,0.8436397687312718
"['sORF_M139208', 'ATGTCTGTGTACGCAGGGGGCCGGGGCCCCGCGAAGCTGTGCCCTCAGGCCGGCCCCGGCCGGACACCCTTACCCCTCCATGGGTCCGGCAGAGGGCAGTGA']",Coding,0.5042612752983671
"['sORF_M327573', 'ATGGCTCGTGATTTGGTGATGTTCAGAGATGTGGCTGTAGACTTTTCTCAGGAAGAATGGGAATGCCTGAACTCATATCAGAGGAATTTGTACAGAGATGTGATATTAGAGAACTATAGCAACTTGGTGTCACTGGGATGTTCTATTTCTAAGCCAGATGTGATCACCCTATTGGAACAAGGGAAAGAGCCCTGGATGGTTGTGAGGGATGAGAAAAGAAGATGGACTCTAGGCCCTACCTTCAAATACCATCACCTTGGGATTCGTGTTTCAACATAG']",Coding,0.8523317905553607
"['sORF_M115509', 'ATGGCAGAGCTTTCTGAGCCAGAGGGACCAGTAGATTGGAAGGAACGATGTGTAGCTCTGGAGTCCCAACTCATGAAATTTAGAGTTCAAGCAAGCAAGATACGAGAGCTTTTAGCAGAGAAGATGCAACAGCTTGAGAGACAAGTTATTGATGCTGAACGTCAAGCAGAAAAAGCTTTTCAACAGACGGAATCTTGCTCTGTGGCCCAGGCTGGAGTGCAGTGGCGCGATCTTGGCTTACTGCAACCTCCGCCTCCCGGGTTCAAGTGA']",Coding,0.8745828729578333
"['sORF_M105615', 'ATGGGCACTCACCCTAAGTATCTAGAAATGATGGAATTAGATATAGGAGATGCCACCCAAGTTTATGTAGCGTTCTTGGTTTACCTGGACCTCATGGAAAGCAAAAGCTGGCATGAAGTAAACTGTGTAGGATTACCAGAACTCCAGCTCATCTGCCTTGTTGGTACTGAGATAGAAGGGGAGGGGTTACAGACTGTGGTGCCTACCCCCATCACTGCTTCCCTCAGCCATAACAGATATTGGCGTGCCACTTTTGAAGAAGGAAAATACTTAGCTACATTAAAAGATTTGCATTGA']",Coding,0.8445152480172077
"['sORF_M125887', 'ATGATTGCAAATACGGCCAGAACAGTGAGATACTACAGGAGCCAACCCTTCAATCCTGATGCAGCTCAAGCTAATAAGAACCATCAGGATGTCCGGAGTTATGTACGGCAATTAAATGTGATTGACAACCAGAGAACTTTATCACAGATGTCACACAGATTAGAGCCTCGTCGACCATAG']",Coding,0.8775065249722496
"['sORF_M291439', 'ATGACTCCTGAGGACTACGAAAAGCTTGGCTTTCCCGGTGCCCGGGACCTGGCCAACATGTTCCGTTTCTATGCCCTGAGACCCGACCGTGACATCGAGCTGACCCTGAGACTCAACCCCAAGGCCCTGACGCTGGACCAGTGGCTGGAACAGCACAAAGGGGACTTCAACCTGCTGTGA']",Coding,0.8853795699906728
"['sORF_M230923', 'ATGAAACTCCTCAGTATATTTGAGTCTCGGTTGTCATTTCTTCTCCTTCAGTCCATTAAACTGCTATCTTCAACTAAAAAGAAAACAAGCAATAACATCGAAGATGACACAATTCTCAAAACCAACAAGCACATTTACTCCCAGCTTTTGAGAGCAACTGCAAATAAAACCGCGACTCTTCTGGAAAGAATCAACGTTATCGTCCACCTGCTGGGCCAGCTTGCCGCCGGCAGTGCAGCGAGCAGCAATGCCGTTCAGTGA']",Coding,0.843152255714192
"['sORF_M281400', 'ATGAACCCATCTTCAAGAGATGACTTTACAGAGTTTGGAAAGTTACTAAAAGATAAAATTACACAATATGAAAAGTCACTATATTATGCCAGTTTTTTGGAAGTCTTAGTTCGAGATGTGTGTATTTCATTGGAAATTGATGACTTGAAAAAAATTACCAATTCACTGACTGTGCTTTGCAGTGAAAAACAGAAGCAAGAAAAGGTAAGAGCAAGCTGTGTAGGGAAATGGGTATTAAATTAG']",Coding,0.8509805373304014
"['sORF_M203121', 'ATGTGGGTTTTCTACTTTTTCATTCTCATGACAAGTTGTACAATTGTGTTTATCTCGCCATTAATAGTGAGGGAAATATTCTCTCTCGTGCTAAGGAGACAGGCTCACATATTGAGGGAGTGA']",Non-coding,0.18952807017732698
"['sORF_M317404', 'ATGTACAGGGATGCCCAGGAGAGGGGGCTGAACCCTTGTGAGGTTGGCACGGACTGA']",Coding,0.8481810195412613
"['sORF_M43077', 'ATGTCCTGCACACCATCAAGGAGCATGCCTTTGTGGCCTCAGAGTACCCAGTCATCCTGTCCATTGAGGACCACTGCAGCATTGCCCAGCAGAGAAACATGGCCCAATACTTCAAGAAGGTGCTGGGGGACACACTCCTCACCAAGCCCGTGGAGATCTCTGCCGACGGGCTCCCCTCACCCAACCAGCTTAAGAGGAAGATCCTCATCAAGCACAAGAAGCTGGCTGAGGGCAGTGCCTACGAGGAGGTGCCTACATCCATGA']",Non-coding,0.19039148071337264
"['sORF_M29570', 'ATGTCGTGTGCTGCAGAAGCTGGGAGCAGACGCTGTTGGCATGAGTACAGTACCAGAAGTTATCGTTGCACGGCACTGTGGACTTCGAGTCTTTGGCTTCTCACTCATCACTAA']",Non-coding,0.1642195844224007
"['sORF_M102534', 'ATGAGAGCCCTCACACTCCTCGCCCTATTGGCCCTGGCCGCACTTTGCATCGCTGGCCAGGCAGGTGCGAAGCCCAGCGGTGCAGAGTCCAGCAAAGGTGCAGCCTTTGTGTCCAAGCAGGAGGGCAGCGAGGTAGTGAAGAGACCCAGGCGCTACCTGTATCAATGGCTGGGAGCCCCAGTCCCCTACCCGGATCCCCTGGAGCCCAGGAGGGAGGTGTGTGAGCTCAATCCGGACTGTGACGAGTTGGCTGACCACATCGGCTTTCAGGAGGCCTATCGGCGCTTCTACGGCCCGGTCTAG']",Coding,0.8723114981015797
"['sORF_M72488', 'ATGAAGGAGCGGAATGTGGACGATGGGCACATCATTAACATCAATAGCATGTCTGGCCACCGAGTGTTACCCCTGTCTGTGACCCACTTCTATAGTGCCACCAAGTATGCCGTCACTGCGCTGACAGAGGGACTGAGGCAAGAGCTTCGGGAGGCCCAGACCCACATCCGAGCCACGTGTCTCAAACCCGAGGATGTGGCCGAGGCTGTTATCTACGTCCTCAGCACCCCCGCACACATCCAGATTGGAGACATCCAGATGAGGCCCACGGAGCAGGTGACCTAG']",Coding,0.8888124705645615
"['sORF_M59414', 'ATGGAGGAAAGTGACAGACCATGTGAAATTTCAGAAATTGATGACAATCCCAAGATATCTGAGAATCCTAGGAGATCACCCACACATGAGAAGAATACGATGGGAGCACAAGAGGCCCACATATATGTGAAGACTGTAGCAGGAAGCGAGGAACCTGTGCATGACCGTTACCGTCCTACTATAGAAATGGAAAGAAGGAGGGGATTGTGGTGGCTTGTGCCCAGACTGAGCCTGGAATGA']",Coding,0.7742792017922785
"['sORF_M231397', 'ATGGAGGGCATGACAGAGGAGCAGAAGGAGCACGAGGCCATGAAGCTGGTGACCATGTTTGACAAGCTCTCCAGGAACAGAGTCATCCAGCCAATGGGGATGAGTCCCCGGGGTCATCTTACGTCCCTGCAGGATGCCATGTGCGAGACTATGGAGCAGCAGCTCTCCTCGGACCCTGACTCGGACCCTGACTGA']",Coding,0.8290428572618407
"['sORF_M17888', 'ATGTATGATATATTTGGGAAATATGGACCTATTCGTCAAATCAGAGTGGGGAACACACCTGAAACTAGAGGAACAGCTTATGTGGTCTATGAGGACATCTTTGATGCCAAGAATGCATGTGATCACCTATCGGGATTCAATGTTTGTAACAGATACCTTGTGGTTTTGTACTATAATGCCAACAGGGCATTTCAGAAGATGGACACAAAGAAGAAGGAGGAACAGTTGAAGCTTCTCAAGGAGAAATATGGCATCAACACAGATCCACCAAAATAA']",Coding,0.8392282291205629
"['sORF_M158699', 'ATGGCGTATGGAGTGCCAAGAAAGAACACAGTGAAAACCATTTTGCGGGGCAGTTGTTATAATGTGCTGGAATGTTGTGCACCTCCTGGGCTTGAGTGA']",Coding,0.6879904263774914
"['sORF_M236445', 'ATGAGCAATATGGGATCAAACACAAAATCACTAGATAACAACTATTCCACACCAAATGAGAGAGGAGACCACAATAGAACACTGGATCGATCGGGGGATCTAGGCGACATGGAGCCATTGAAGGGAACAACACCCTTGATGGTAAATTCTCTTTATATACTGCTATCTGTCTAA']",Coding,0.8898984376459284
"['sORF_M156391', 'ATGCGTGAGAAGGCTGTTGAGAGAAGGAGTGTCAATAAAGAGCACAACAGTAACTTTAAAGCTGGATACATTCCGATTGATGAAGATCGTCTCCACAAAACAGGGTTGAGAGGAAGAAAGGGCAATTTAGCCATCTGTGTGATTATCCTCTTGTTTATCCTGGCTGTCATCAATTTAATACTCCCTGGCAGCCAGGCAAGAGACAGAAGAGCCTTCTCTGGGATTCCTGATGCATATAGAAAAAAGATCTGA']",Coding,0.8909027495926455
"['sORF_M213094', 'ATGATAAAATTATCAGATCTACCCTCCTGCTATATGTCGGATATTGAATTTGAGTTTACAGAGGATTGA']",Coding,0.5674008481834834
"['sORF_M542872', 'ATGATGACCATGCAGGCATCTTCACTTTTGAATGTGATACTATTCATGTCAGTGAGAGTATTGGTGTTATGGAGGTCAAGGTTCTGCGGACATCAGGTGCCCGGGGTACAGTCATCGTCCCCTTTAGGACAGTAG']",Non-coding,0.17915444482011947
"['sORF_M294347', 'ATGAGGAAGAAGGAAGCGGAGCAGGTGCTGCAGAAGTTTGTTCAAAACAAGTGGCTGATTGAGAAGGAAGGGGAGTTCACCCTGCACGGCCGGGCCATCCTGGAGATGGAGCAATACATCCGGGAGACGTACCCCGACGCGGTGAAGATCTGCAATATCTGTCACAGCCTCCTCATCCAGAAGTCTTCGACCCTGAGAAGGAGAGGGAGTCTGGTGTCTTGA']",Coding,0.8816233441552199
"['sORF_M324267', 'ATGCATGGTAGGACTCACCCTGAAGAGAAACCCTATGAGTGTGAGCAATGA']",Non-coding,0.35420208795156594
"['sORF_M508574', 'ATGCGAACCCCAAATCAGTGGTTTGTTCATTCTTCATGCAAGAGCAATGCACTAAAGGAGAGAAGCAAGCTGTGGTGA']",Non-coding,0.16470867119692917
"['sORF_M305153', 'ATGAGCGAGACCGTCAACAGTGTCGCCACTGACAGCTGGAGCATCTGGAAGCTGCAGAAAGCCATCTCTGTCCTGGAGATGGAGAATGGCTATTGGTGGTGCAGGAAGAAGCAGCGGGCAGGTGTGATGCTGACCGTTGGCACTAAGCCAGATGGCAGCCCCGATGAGCGCTGGTGCTTCAGGCAAACCTCAGAGCTGCTCTGTTGCCCTCAGGGTGGAGGAGGTGAACTGGGCTTCATGGGAGCAGACGCTGCCTACGCTGTGTGA']",Coding,0.8893269806524644
"['sORF_M183299', 'ATGTCATTAGGCAGAAATTGGCACCGACCGTGTCTGAGGTGCCAGCGTTGCCACAAGACCCTGACTGCTGGGAGTCATGCTGAGCATGATGGAGTCCCCTACTGCCACGTCCCCTGCTACGGCTACCTGTTTGGCCCCAAAGGTGTGAACATTGGCGATGTGGGCTGCTACATCTATGACCCAGTGAAGATAAAATTCAAATGA']",Coding,0.8633721943800714
"['sORF_M261094', 'ATGAACAGTGTGGGGGAGGCATGCACGGACATGAAGCGCGAGTACGACCAGTGCTTCAATCGCTGGTTCGCCGAGAAATTTCTCAAGGGGGACAGCTCCGGGGACCCGTGCACCGACCTCTTCAAGCGCTACCAGCAGTGTGTTCAGAAAGCAATAAAGGAGAAAGAGATTCCTATTGAAGGACTGGAGTTCATGGGCCATGGCAAAGAAAAGCCTGAAAATTCTTCTTGA']",Coding,0.8581928677887471
"['sORF_M308537', 'ATGAAAGCTCAGGGGGAAACCGAGGAGTCAGAAAAGCTGAGTAAGATGAGTTCTCTCCTGGAACGGCTCCATGCAAAATTTAACCAAAATAGACCCTGGAGTGAAACCATTAAGCTTGTGCGTCAAGTCATGTTTTGCAGATTCAGAAACCTAATTTTATTGGTACATCAAGATTTTATAGAGTTTTCATGGCTGGGCGTGGTGGTTCACATCTGTAATCCCAGCACTTTGGGAGGCTGA']",Coding,0.8138658700707067
"['sORF_M290464', 'ATGTACCATGACTGGCGGCTGGTGCCCAAGCACGAGGAGGAGGCCTTCACCGCGTTCACGCCGGCGCCGGAAGACAGCCTGGCCTCCGTGCCGTACCCGCCTCTCCTCCGGGCCATGATTATCGCAGAACGACAGAAAAATGGAGACACAAGCACCGAGGAGCCCATGCTGAATGTGCAGAGGATACGCATGGAACCCTGGGATTACCCTGCAAAACAGGAAGACAAAGGAAGGGCCAAGGGCACCCCCGTCTAG']",Coding,0.8686646801691609
"['sORF_M177790', 'ATGGGCATCGCCCTCCTCCAGATCTTTGGCATCTGCCTGGCCCAGAACCTCGTGAGTGACATCAAGGCAGTGAAAGCCAACTGGTGA']",Coding,0.8634249640981511
"['sORF_M20519', 'ATGATTGGTTCAGAGGATGGCAAGATCCATGTCTGGAATGGAGAGAGCGGTATAAAAGTAGCTGTGTTGGATGGTAAACACACAGGCCCGATTACCTGTTTGCAATTCAACCCCAAGTTCATGACTTTTGCCAGTGCGTGTTCCAACATGGCCTTTTGGTTGCCCACCATTGATGACTGA']",Coding,0.8977893533520417
"['sORF_M175575', 'ATGAAATGCTTCTCTCGTTACCTGCCTTACATCTTCAGACCTCCGAACACCATCCTTTCTTCCAGCTGCCACACAGAAGGAAACTCATCTTTTCTTGAAATTGGCCCTATTTACACACAGAATGAGCTGAAAAGACTTCGCTGTTATTAA']",Coding,0.6672857891903293
"['sORF_M274788', 'ATGATTTCTGACCTCATCGCTGGTGGCATCCAGCCCCTGCAGAACCTGTCTGTCCTGAAGCAAGTGGGAGAGGAGATGCAGCTGACCTGGGCCCAGAACGCCATCACTTGTGGCTTTAACGCCCTGGAGCAGATCCTACAGAGCACAGCGGGCATATACTGTGTAGGAGACGAGAGTCGCAGTGGACACACCCAGTCCAGCCACTGA']",Coding,0.8534291195474011
"['sORF_M94283', 'ATGGGTCCCGGCTCGGACGGTCCGATGGGCGGCATGGGTGGCATGGAGCCACACCACATGAATGGATCATTAGGGTCAGGCGACATAGACGGACTTCCAAAAAATTCTCCTAACAACATAAGTGGCATTAGCAATCCTCCAGGCACCCCTCGAGATGACGGCGAGCTAGGAGGGAACTTCCTCCACTCCTTTCAGAACGACAATTATTCTCCAAGCATGACGATGAGTGTGTGA']",Coding,0.8296266324742034
"['sORF_M165178', 'ATGAGGCCCCATGAAGACTTATCAGAAGATAACAGCTCGGGGGAGGTTGTGATGAGAGTGACTTCAGTGTGA']",Coding,0.7954541541037357
"['sORF_M152797', 'ATGGACCCCGCCGTCGTGCACCCTGAGCTCAATGGGGCTGCCTATAGGTACCCTCCGGGCGTGGTGGGCGTGGCCCCCACTGGCATCCCAGCTGCTGTGGAAGGTATCGTCCCCAGCGCCATGTCCCTGTCCCACGGCCTGCCCCCTGTGGCCCACCCGCCCCACGCCCCTTCTCCTGGCCAAACCGTCAAGCCCGAGGCGGATAGAGACCACGCCAGTGACCAGTTGTAG']",Coding,0.8519640672611308
"['sORF_M268155', 'ATGCACGGACGCCTGAAGGTGAAGACGTCAGAAGAGCAGGCGGAGGCCAAAAGGCTAGAGCGAGAGCAGAAGCTGAAGCTATACCAGTCAGCCACCCAGGCCGTATTCCAGAAGCGCCAGGCTGGTGAGCTGGATGAGTCCGTGCTGGAACTGACAAGCCAGATTCTGGGAGCCAACCCTGATTTTGCCACCCTCTGGAACTGCCGACGAGAGGTCTCCTGA']",Coding,0.9236181528285767
"['sORF_M128367', 'ATGTCCCATCATGATACTTTGGATGCTGCTTCCCAAGGAATAAATGTCATCCTCTGTGAACACAGCAACACTGAACGAGGCTTTCTTTCTGACCTTCGAGATATGCTGGATTCTCACTTGGAGAATAAGATAAATATTATCCTATCAGAGACTGACAGGGACCCTCTTCAGGTGGTATAA']",Coding,0.8857391360722934
"['sORF_M279964', 'ATGACGGAGAACTTGGAGAGGCACCAGGAGAAGCTGGAGGAGAAGCAGGCGGCTTGCCTGGAACAGATACGGGAGATGGAAAAGCAGTTCCAGAAGGAGGCGCTGGCAGAGTACGAGGCCAGGATGAAGGGTCTGGAGGCAGAGGTGAAGGAGTCGGTGAGGGCCTGCCTCAGGACCTGCTTTCCCTCCGAGGCCAAGGACAAGCCTGAGAGGGCCTGCGAGTGCCCCCCAGAGCTGTGTGAGCAGGACCCACTCATAGCAAAGGCAGATGCCCAGGAGAGCCGCCTCTGA']",Coding,0.866711861122647
"['sORF_M1266', 'ATGAGCAGTTCATCAATGCGGCCAAGATCATCCGCCACCCTAAATACAACAGGGACACTCTGGACAATGACATCATGCTGA']",Non-coding,0.19871222770500827
"['sORF_M239250', 'ATGGGGAACTGTGCCAAGCGGCCCTGGCGCCGGGGCCCTAAGGACCCCTTGCAGTGGCTCGGCTCCCCACCAAGGGGCTCCTGCCCCAGCCCCAGCTCCAGCCCCAAGGAGCAGGGGGACCCCGCGCCAGGCGTCCAGGGCTACTCGGTGCTCAACAGCCTGGTGGGGCCTGCCTGCATCTTCCTGCGGCCCAGCATTGCCGCCACCCAACTCGTATGA']",Coding,0.8731066953018121
"['sORF_M323161', 'ATGAAAGCTCTCTGTCTCCTCCTCCTCCCTGTCCTGGGGCTGTTGGTGTCTAGCAAGACCCTGTGCTCCATGGAAGAAGCCATCAATGAGAGGATCCAGGAGGTCGCCGGCTCCCTAAGCTTCGCCGTCACCGGCTGCACTTGTGGCTCCGCCTGTGGCTCGTGGGATGTGCGCGCCGAGACCACATGTCACTGCCAGTGCGCGGGCATGGACTGGACCGGAGCGCGCTGCTGTCGTGTGCAGCCCTGA']",Coding,0.879077711043083
"['sORF_M177904', 'ATGCTCTGCGCAGGGTTCCTCGAGGGCGGCACCGATGCGTGCCAGGGTGATTCCGGAGGCCCGCTGGTGTGTGAGGACCAAGCTGCAGAGCGCCGGCTCACCCTGCAAGGCATCATCAGCTGGGGATCGGGCTGTGGTGACCGCAACAAGCCAGGCGTCTACACCGATGTGGCCTACTACCTGGCCTGGATCCGGGAGCACACCGTTTCCTGA']",Coding,0.882309627722443
"['sORF_M201007', 'ATGATGCAGGAATCTGCGACAGAGACAATAAGCAACAGTTCAATGAATCAAAATGGAATGAGCACTCTAAGCAGCCAATTAGATGCTGGCAGCAGAGATGGAAGATCAAGTGGTGACACCAGCTCTGAAGTAAGCACAGTAGAACTGCTGCATCTGCAACAACAGCAGGCTCTCCAGGCAGCAAGACAACTTCTTTTACAGCAGCAAACAAGTGGATTGAAATCTCCTAAGAGCAGTGATAAACAGAGACCACTGCAGCCATGA']",Coding,0.8348330749632726
"['sORF_M194940', 'ATGACGTTCCGGGAGAGAACTGAGAGGCATGAGATGCAGATTCTGTCCAAGCCAGAATTCATCTAG']",Coding,0.7127269451777796
"['sORF_M187128', 'ATGCCATATCATGTGTGTACGCTGAAAGATACAGAGGAGGTAGAGCTGAAGTTTCCTGCACCAGGCAAGCCTGGAAATTATCAGTATACTGTGTTTCTGAGATCAGACTCCTATATGGGTTTGGATCAGATTAAACCATTGAAGTTGGAAGTTCATGAGGCTAAGCCTGTGCCAGAAAATCACCCACAGTGGGATACAGCAATAGAGGGGGATGAAGACCAGGAGGACAGTGAGGGCTTTGAAGATAGCTTTGAGGAAGAAGAGGAGGAAGAAGAAGATGATGACTAA']",Coding,0.8486704640278128
"['sORF_M204879', 'ATGAGGATCCATTATCTTCTGTTTGCTTTGCTCTTCCTGTTTTTGGTGCCTGTTCCAGGTCATGGAGGAATCATAAACACATTACAGAAATATTATTGCAGAGTCAGAGGCGGCCGGTGTGCTGTGCTCAGCTGCCTTCCAAAGGAGGAACAGATCGGCAAGTGCTCGACGCGTGGCCGAAAATGCTGCCGAAGAAAGAAATAA']",Coding,0.6595982145149205
"['sORF_M190006', 'ATGTTCTCCTTCGTCAACGACCGGTTCATGCCGCCTGATGACCCCCTGGGCCGCCATGGACCCTCCCTGAGCAACTTCCTGAGCAGGAAGCCGAAGCCCCCAGAGCCATCCTGGCAGCATTGTCCTTATGGTGGGTAG']",Coding,0.8675561167906192
"['sORF_M277368', 'ATGATGAACTTCCGTCAGCGGATGGGATGGATTGGAGTGGGATTGTATCTGTTAGCCAGTGCAGCAGCATTTTACTATGTTTTTGAAATCAGTGAGACTTACAACAGGCTGGCCTTGGAACACATTCAACAGCACCCTGAGGAGCCCCTTGAAGGAACCACATGGACACACTCCTTGAAAGCTCAATTACTCTCCTTGCCTTTTTGGGTGTGGACAGTTATTTTTCTGAAATCTGAAAGTTTCCTAGCAACCTCATCTTTCCACTACATCTGA']",Coding,0.8379369177894156
"['sORF_M232678', 'ATGAATAAGTTTCTCCGAGGTTTGGGCAACAAAATGAAGTTTCTCCACAAGAAGAATTAA']",Coding,0.6513297939517257
"['sORF_M134629', 'ATGGTGCTGGTTTCCTTGCTTAAACACTACAGTGATTTCTTCCAAGGTCAAAGGACGAAGATAACAATTGGTGTATATGATCCCTGTAACTTAGCCCAGTACCCTGGATGGCCTTTGAGGAATTTTTTGGTCCTAGCAGCCCACAGATGA']",Coding,0.8700512735792861
"['sORF_M139573', 'ATGCCCATGTACAACTTCGACCCCACGGAGGAACAAGATGAGTTGGAGCAGGAGCTGCTGGAGCATGGGCGGGACGCCGCCTCTGTACAGGCTGCTACTTCTGTGCAGGCCATGCAGGGCAAGACTACTCTGCCCTCCCAGGGCCCACTGCAGAGACCCAGCCGGCTGGTGTTTACCGATGTGGCCAATGCCATCCATGCGTGA']",Coding,0.8776989573159204
"['sORF_M309849', 'ATGAATATCATTGCCAATGAGATTGGGTCAGAGGAGACCCTCCTGTTCTTAACTGTGGGCGATGAGAAAGGTGGTGGACTCTTCTTACTGGCAGGGCCACCTGCGTCTGTGGAGACCCTGGGGCCCAGGGTGGCTGAGGTCCTGGAAGGCAAAGGAGCAGGGAAGAAAGGCCGTTTTCAGGGCAAGGCCACCAAGATGAGCCGGCGGATGGAGGCGCAGGCGCTTCTCCAGGACTACATCAGCACGCAGAGTGCTAAGGAGTGA']",Coding,0.8523874043742276
"['sORF_M290003', 'ATGTACGTGGGCCCCGGTGTTTACAAGGAGGTGATCATCTACAACCTCTGCCAGAAGCAGGTGGTGGAGAAGATACCACTGCCCTTTTTTGCCATGTCCCTGAGCCTGTCCCCCGGGACCCACCTCCTGGCTGTTGGCTTTGCTGAGTGCATGCTGAGGCTGGTAGACTGTGCCATGGGGACTGCCCAAGACTTTGCCGGCCACGACAACGCAGTGCACCTGTGCAGGTTTACACCGTCCGCCAGGCTGCTCTTCACGGCCGCCCGCAACGAGATCCTTGTGTGGGAGGTCCCCGGCCTCTGA']",Coding,0.849329751615225
"['sORF_M627037', 'ATGAGGATGGCACTAGTGCTAAAGGATTTCTTTCAACAGCTGTCAATGGACTTCGGTTATCTAAAACAATTTGTACCCCCGGAGAAGTAA']",Non-coding,0.48347523981786644
"['sORF_M215102', 'ATGATGCGCTGCAGCCAGCTGGCCCCCAGGGCCCTGCAGGCCACACACTACAGCCTTCTGGCCACGCTGGAGCTGCTGGGGAAGCTGCTGCTGGGCACTCTGGCCGGAGGCCTGGCTGATGGGTTGGGGCCACATCCCTGCTTCTTGCTCCTGCTCATCCTCTCTGCCTTTCCCGTTCTGTACCTGGACCTAGCACCCAGCACCTTTCTCTGA']",Coding,0.8643631250068566
"['sORF_M231009', 'ATGAGGACTGATGTGGTAGATTTCCTAATGGAAACATTCATCATGTTTAAGAACCTCATTGGAAAGAACGTTTACCCCTTCGACTGGGTGATCATGAACATGGTGCAAAATAACCAACTGCATGACATCAGTTCCATCACAACTGCAGGAGGATGGAGGAAGGCTGCTGTGCACGATTACTTGCTGTTTTGTGGTCAACCTTTCCCATAA']",Coding,0.8528242872406466
"['sORF_M350072', 'ATGAAGAAAGCCAAAGAGCAGCTGAAGATCCGTAAGAGCAATCAGATACCTACTGAGGTCAGGAGCAAAGCTGAGGAGGTGGTGTCATTTGTGAAGAAGAATGTTCTAGTAACTGGGGGATTTTTCGGAGGCTTTCTGCTTGGCATGGCATCCTAA']",Coding,0.8909708480951897
"['sORF_M611867', 'ATGATGAATGCGAGTCAGATGCAGAAAATGAGCAAAACCATGATCCTAATGTTGAAGAGTTTCTACAACAACAAGACACTGCTGTCATTTTTCCTGAGGCACCTGAAGAGGACCAGAGGCAGGGCACACCAGAAGCCAGTGGTCATGATGAAAATGGAACACCAGATGCATTTTCACAATTACTCACCTGTCCATATTGTGATAGAGGCTATAAACGCTTTACCTCTCTGA']",Non-coding,0.3813109914483524
"['sORF_M72546', 'ATGTTTCATGTGGCCTGGGTAGATCCTGAGGATCCTTACAAGGGATACAGGTATTTATATCTGACTCCTCAAGATTATAAGAGAGTCAGTGCTCTCAACTCTGTCCATTGTGAACACGTGGAAGATGAAGGAGAATCCAGGTGA']",Coding,0.8675204015394236
"['sORF_M103218', 'ATGGTACTGCAAGTCATCAAGTTTACTAAGGACCTGCCCGTCTTCCGTTCCCTGCCCATTGAAGACCAGATCTCCCTTCTCAAGGGAGCAGCTGTGGAAATCTGTCACATCGTACTCAATACCACTTTCTGTCTCCAAACACAAAACTTCCTCTGCGGGCCTCTTCGCTACACAATTGAAGATGGAGCCCGTGGTGAGATGGTGCTAGAGCAATAG']",Coding,0.859109160997199
"['sORF_M323893', 'ATGCGTCCAATGCGAATTTTTGTGAATGATGACCGCCATGTGATGGCAAAGCATTCTTCCGTTTATCCAACACAAGAGGAGCTGGAGGCAGTCCAGAACATGGTGTCCCACACGGAGCGGGCGCTCAAAGCTGTGTCCGACTGGATAGACGAGCAGGAAAAGGGTAGCAGCGAGCAGGCAGAGTCCGATAACATGGATGTGCCCCCAGAGGACGACAGTAAAGAAGGGGCTGGGCTGTAA']",Coding,0.8579317171862568
"['sORF_M189864', 'ATGGCGCTTGTCCCCTGCCAGGTGCTGCGGATGGCAATCCTGCTGTCTTACTGCTCTATCCTGTGTAACTACAAGGCCATCGAAATGCCCTCACACCAGACCTACGGAGGGAGCTGGAAATTCCTGACGTTCATTGATCTGTGA']",Coding,0.875005135135988
"['sORF_M5755', 'ATGAAATTCATTACAGAAATCTGGCACCCAAATGTTGATAAAAATGGTGATGTGTGCATTTCTATTCTTCATGAGCCTGGGGAAGATAAGTATGGTTATGAAAAGCCAGAGGAACGCTGGCTCCCTATCCACACTGTGGAAACCATCATGATTAGTGTCATTTCTATGCTGGCAGACCCTAATGGAGACTCACCTGCTAATGTTGATGCTGCGAAAGAATGGAGGGAAGATAGAAATGGAGAATTTAAAAGAAAAGTTGCCCGCTGTGTAAGAAAAAGCCAAGAGACTGCTTTTGAGTGA']",Coding,0.8207209784069387
"['sORF_M233790', 'ATGCTCACAGAAAATGGTCAAGTTCTATCATGTGGATCCAACTCCTTTGGCCAGTTAGGAGTTCCTCATGGACCTCGAAGATGTGTGGTTCCCCAGGCCATTGAGCTCCATAAAGAGAAGGTTGTTTGTATTGCTGCTGGACTGAGGCATGCAGTAGCTGCTACAGGACAGCACTAA']",Coding,0.7638850530009917
"['sORF_M248429', 'ATGGACTCGGTGGAGAAGGGGGCCGCCACCTCCGTCTCCAACCCGCGGGGGCGACCGTCCCGGGGCCGGCCGCCGAAGCTGCAGCGCAACTCTCGCGGCGGCCAGGGCCGAGGTGTGGAGAAGCCCCCGCACCTGGCAGCCCTAATTCTGGCCCGGGGAGGCAGCAAAGGCATCCCCCTGAAGAACATTAAGCACCTGGCGGGGGTCCCGCTCATTGGCTGGGTCCTGCGTGCGGCCCTGGATTCAGGGGCCTTCCAGAGAGGTTGA']",Coding,0.8966852773878901
"['sORF_M302724', 'ATGGCGGAAGAGGAGGTGGCCAAGTTGGAGAAGCACTTGATGCTTCTGCGGCAGGAGTATGTCAAGCTGCAGAAGAAGCTGGCGGAGACAGAGAAGCGCTGCGCTCTCTTGGCTGCGCAGGCAAACAAGGAGAGCAGCAGCGAGTCCTTCATCAGCCGTCTGCTGGCCATCGTGGCAGACCTCTACGAGCAGGAGCAGTACAGATGCTAA']",Coding,0.8662784935410273
"['sORF_M208925', 'ATGTCAAATCTAAAAATGAAAGAGGCGGCCCTCATCTATCTTGACAGAAGTGGAGGCCTCCAAAAGTTTATAGATGATTGCAAGTACTACAATGGTACGTTCAGCAAAGATGCTGAGCTTGGAAATCACATTTTACACCAACCTTTAAAAGCTGCTGAAGTCTTTCAATCAGTAAGTCAAAAAAAGAAATAA']",Coding,0.9069637234662656
"['sORF_M50451', 'ATGAAACAACATAACAAATACGAAGCCAAGAAGTATGCTTCCCGCGTGGGTCCCGAGCAGAAGGTCAAGGCTTTGCTTCTTGTTGGCGATGTGGCTCAGGCTGCAGATGTGGCCATCGAACACCGGAATGAGGCTGAGCTGAGCCTCGTATTGTCCCACTGCACGGGAGCCACAGATGGGGCCACAGCTGACAAGATTCAACGGGCCAGGGCACAAGCCCAGAAGAAGTGA']",Coding,0.8873087548759231
"['sORF_M201184', 'ATGTACAAGTTCCTGACGGTGTTCCTGGCCATTCCCCTGGCCTTCATTGCGGGAATTCTCTTTGCCACCCTCAGCTGTCTGCACATCTGGATTTTAATGCCTTTTGTAAAGACCTGCCTAATGGTTCTGCCTTCAGTGCAGACAATATGGAAGAGTGTGACAGATGTTATCATTGCTCCATTGTGTACGAGCGTAGGACGATGCTTCTCTTCTGTCAGCCTGCAACTGAGCCAGGATTGA']",Non-coding,0.3744783542060289
"['sORF_M56837', 'ATGAGGCTCTTCCTGTCGCTCCCGGTCCTGGTGGTGGTTCTGTCGATCGTCTTGGAAGGCCCAGCCCCAGCCCAGGGGACCCCAGACGTCTCCAGTGCCTTGGATAAGCTGAAGGAGTTTGGAAACACACTGGAGGACAAGGCTCGGGAACTCATCAGCCGCATCAAACAGAGTGAACTTTCTGCCAAGATGCGGGAGTGGTTTTCAGAGACATTTCAGAAAGTGAAGGAGAAACTCAAGATTGACTCATGA']",Coding,0.8691817434673147
"['sORF_M537098', 'ATGGGACTGTTTTACCCCTTGTGGAGAGTGGCAAGCAGGGGATTGGTCACCCTGTTCAGCTTCCTGTGGCCATGGAAAAACAACTCGACAAGTTTTATGCATGAACTACCATCAGCCAATTGA']",Non-coding,0.28428734486675433
"['sORF_M234598', 'ATGACCCACCCAGCTAGAGCACTGTACACCCCCAGTGGAGAGCCAATTCAGTCCTGGGACGACATAGAGCGAGATATGGTCATCTGTGTGTCTATGGGACATGGTTTCAAAACCCCAAAAGAGTTAAAACAACTGATGGAGATCAGAGCAAATTATGCCAGAATCCGAAGGCAGCAGGGCCCTCAAGCCACAGACATTGTGGTGTCACCATCCACGAAGCTGCTGTCTCTGGCACATCTCCACAATTAA']",Coding,0.7149740195971757
